시군구코드,시도명,시군구명,2019_노인청소년_예산,2020_노인청소년_예산,2019_전체예산,2020_전체예산,2019_총인구,2020_총인구,2019_노인인구,2020_노인인구,예산인구평가지표,스케일링된 민맥스,LHIi,LMIi,LLIi,LSIi,복지서비스평가지표,복지민맥,종합평점
31100,경기도,고양시,309926,359683,2935226,3474097,1024645,1045497,126572,135272,-0.0546,55.68245911,3.140787521,6.109330073,2.883547356,0.531228397,12.66489335,100.0000207,71.53338089
38030,경상남도,진주시,136255,172358,1778405,1857630,354166,352403,53260,55899,0.0755,74.02707276,0.687180006,1.118358921,2.739270707,1.814546965,6.359356599,61.10394146,66.94756117
31190,경기도,용인시,243498,272537,2742517,3238717,1052529,1066975,125066,133817,-0.0762,52.63677383,1.774306891,3.907960361,3.001382878,2.632478289,11.31612842,91.68008382,66.87706364
31010,경기도,수원시,319030,360022,3143831,3678019,1214986,1210150,117256,123647,-0.0935,50.19740553,4.757532697,2.59194551,3.138880432,0.688926737,11.17728538,90.82362225,64.65858701
35030,전라북도,익산시,174702,212776,1440110,1607367,290119,285312,51541,53525,0.0228,66.59616469,3.192069983,0.772546708,1.411788665,0.994527328,6.370932684,61.17534923,63.7707656
33020,충청북도,충주시,127376,144244,1281536,1533258,216446,218412,38138,39811,-0.048,56.61308517,0.534982243,3.293411548,2.840587749,1.518830485,8.187812025,72.38287771,63.53405067
31130,경기도,남양주시,243334,268044,2009727,2389669,681077,696033,86681,93007,-0.1119,47.60293288,1.316063977,4.570164611,0.588401671,4.680703126,11.15533338,90.68821003,62.43385779
32010,강원도,춘천시,112470,159620,1523511,1655242,284753,284645,45532,47645,0.1144,79.51212634,0.339299403,1.459593371,0.678250843,2.218548567,4.695692185,50.84152838,62.02385405
31240,경기도,화성시,252676,271693,3037767,3544893,838635,880859,63520,69434,-0.1259,45.62887761,2.423283777,1.970025502,1.471337037,4.213476956,10.07812327,84.04337528,59.14611336
31020,경기도,성남시,325804,362723,3313459,4062083,919895,922025,120100,125807,-0.0987,49.464185,3.751228199,1.211315229,1.935494462,0.972736808,7.870774698,70.42721407,58.11300515
31070,경기도,평택시,152118,176601,2249718,2439653,521172,542522,58483,61910,0.0318,67.86520023,0.76635277,0.758191935,1.225654058,1.688310542,4.438509305,49.25508046,57.08158959
34010,충청남도,천안시,178223,204554,2282410,2675034,679743,682199,63526,67177,-0.059,55.06204174,1.59091958,1.4292933,1.231812044,1.700268295,5.95229322,58.59294675,56.77264716
31030,경기도,의정부시,179123,205245,1478056,1620142,440357,449572,61413,65272,0.0036,63.88888889,0.0644438,2.958695106,0.957364898,0.448411646,4.428915449,49.19590018,55.58787219
35010,전라북도,전주시,238047,277867,1929566,2354178,662086,666517,88563,93161,-0.0778,52.41116751,0.708922544,0.603575136,1.99412731,2.327017062,5.633642052,56.62732803,54.43773523
35060,전라북도,김제시,94236,110706,981422,1046500,80422,79733,25257,25650,0.0231,66.63846588,2.618966616,-0.265627267,1.446880804,0.006859225,3.807079378,45.36006732,53.97794439
31050,경기도,부천시,264940,305555,2165739,2673918,836751,833148,97670,104089,-0.1334,44.571348,-0.702692783,3.744782813,3.214461017,1.1166238,7.373174846,67.35773973,53.64513048
31270,경기도,포천시,84944,98329,1144183,1120121,159871,157939,26306,27615,0.0509,70.55837563,2.597224078,1.208728959,-0.084653252,-0.407099837,3.314199948,42.31971119,52.90681589
32030,강원도,강릉시,141151,158525,1353165,1295100,216357,216542,41214,43113,0.0672,72.85673999,-0.188669265,1.589529263,-0.131178118,1.388666824,2.658348704,38.27405371,50.18452018
31200,경기도,파주시,150587,171656,1701571,2044127,454328,460541,57889,60663,-0.057,55.34404963,0.975980761,2.289100713,0.214282406,0.247366982,3.726730862,44.86443271,49.55627174
32020,강원도,원주시,141420,169610,1517928,1865264,349319,352429,47200,49983,-0.0484,56.55668359,0.744610233,1.235899232,0.308871635,1.203389794,3.492770893,43.4212367,49.1260698
36020,전라남도,여수시,158993,175677,1762496,1574419,270283,271505,49609,51995,0.0912,76.24083474,0.780297921,0.136931307,0.672284709,0.669231865,2.258745803,35.8090794,48.73032033
31280,경기도,여주시,68427,84345,925284,1062126,111981,113352,21959,23068,0.0131,65.2284264,2.757219229,0.078723628,0.040912032,-0.125194707,2.751660182,38.84965112,48.69616482
23060,인천광역시,부평구,166594,198930,869317,988937,514385,500812,66424,69549,-0.0355,58.37563452,-0.362609567,2.61922604,-0.064124115,0.8682689,3.060761257,40.75635952,48.00021165
31220,경기도,안성시,87764,104914,1059912,1276266,202284,203030,29319,30729,-0.0282,59.40496334,2.221453174,0.82656424,0.280853006,-0.554928737,2.773941683,38.98709589,47.07751865
33030,충청북도,제천시,89865,100484,928228,1110601,136093,134768,26619,27790,-0.0562,55.45685279,1.909260259,0.793710201,1.292016667,-0.913715751,3.081271376,40.88287741,47.06751222
31150,경기도,시흥시,129528,143742,1908823,2173320,508749,535147,37552,41403,-0.0645,54.28652002,1.019465836,1.824512981,0.045841076,0.136978877,3.026798769,40.54685989,46.42137448
36030,전라남도,순천시,119306,135727,1374917,1509754,270202,272449,40542,42273,0.0011,63.53637902,0.744610233,0.160584166,1.026652655,0.35179088,2.283637934,35.96262799,45.92880334
31040,경기도,안양시,178131,197439,2206595,2008502,557339,542336,67680,71643,0.0794,74.57698816,-0.406094642,0.886265539,-0.1408985,1.465563377,1.804835774,33.00910833,45.76278835
23070,인천광역시,계양구,97592,117234,561725,667473,298912,292852,33119,35043,-0.1002,49.25267908,0.361041941,1.350885573,0.126645121,0.998366547,2.836939183,39.37569972,43.76383114
35020,전라북도,군산시,149040,176937,1432057,1582203,270635,269023,45913,48059,0.0125,65.14382403,0.194899026,0.359985015,0.729947887,0.46029605,1.745127978,32.64079724,43.49040419
23310,인천광역시,강화군,62054,69540,617553,647799,65235,66020,21148,21902,0.0136,65.29892837,2.227600938,0.328656896,-0.147367041,-0.846688638,1.562202154,31.51240839,42.51003172
35310,전라북도,완주군,13321,15478,713676,830407,96212,95834,19780,20438,-0.0034,62.90186125,1.614311741,-0.234732419,-0.003778923,0.024641822,1.400442222,30.51458261,41.09392227
36010,전라남도,목포시,114301,124321,1012394,1110526,228876,224509,34821,36087,-0.0456,56.95149464,-0.188669265,0.147994776,-0.073550082,1.617407535,1.503182963,31.14834499,40.27123796
26310,울산광역시,울주군,93945,134536,967005,1041271,226501,225050,28943,30586,0.1904,90.2284264,0.129671413,-0.033967155,0.216167599,0.298611791,0.610483648,25.64167607,39.93451344
31230,경기도,김포시,120548,139432,1607131,1847624,442910,474546,48532,52278,0.0005,63.45177665,-0.044268888,0.681452688,0.251986274,0.286800736,1.17597081,29.12991733,39.92895202
25020,대전광역시,중구,103728,125244,491062,612849,234995,231959,41625,43648,-0.1065,48.3643542,0.295814328,0.057560136,0.326200212,1.219084079,1.898658754,33.58786098,39.64396085
11070,서울특별시,중랑구,134055,156466,800602,1084153,386331,385663,61748,65065,-0.1922,36.28031585,-0.702692783,0.606834139,0.544988077,2.997266185,3.446395617,43.13516805,39.41189915
35040,전라북도,정읍시,108891,123604,1023089,1070843,107348,106706,28804,29490,0.021,66.34235759,-0.340867029,-0.333999572,1.773835091,-0.174483232,0.924485258,27.57861371,38.96105902
31380,경기도,양평군,75016,75357,780241,962153,111836,113844,26902,28448,-0.0863,51.21263395,0.997723298,0.322811622,0.279832055,-0.058196934,1.542170042,31.38883911,38.92194819
34040,충청남도,아산시,113775,126848,1460445,1602700,347032,340518,38206,40045,-0.0346,58.50253807,0.042701262,0.334372964,0.562441084,0.188245691,1.127761001,28.83253225,38.62769697
37010,경상북도,포항시,222397,258450,2238200,2487240,502064,501109,77024,82001,-0.0127,61.59052453,0.238384102,0.386399003,0.644474071,-0.310501076,0.958756099,27.79001544,38.29920088
39010,제주특별자치도,제주시,246276,285991,1505278,1874768,487688,492306,63813,66690,-0.1243,45.85448393,0.281869177,1.356892354,-0.212190154,0.347929656,1.774501033,32.82198668,38.25884026
31260,경기도,양주시,92610,109840,935892,1121455,224684,233286,31121,33412,-0.0306,59.06655386,-0.174724115,1.940061798,-0.277947793,-0.46033027,1.02705962,28.21134978,38.18485875
36040,전라남도,나주시,79874,88269,929894,996356,112101,113293,24658,25257,0.0069,64.35420192,0.382784479,-0.228052905,0.806584566,-0.135049478,0.826266662,26.97274645,38.01308601
23080,인천광역시,서구,137979,158295,1030284,1138812,540655,541534,49975,53691,-0.0469,56.76818951,0.151413951,0.90929132,-0.379472826,0.393224928,1.074457372,28.50372564,37.95164905
37020,경상북도,경주시,146438,162520,1600000,1763100,264314,261778,52504,54639,-0.0191,60.68809927,0.491497167,-0.124996573,0.649143842,-0.129151285,0.886493151,27.34425714,37.70138752
31210,경기도,이천시,93054,104831,1520231,1362087,222995,226212,27988,29245,0.1076,78.55329949,0.317556866,0.008922305,0.083061542,-0.01876318,0.390777533,24.28640581,37.10195986
32040,강원도,동해시,63962,80404,536521,525074,86780,87801,16526,17338,0.1494,84.44726452,0.202696413,-0.543869112,-0.52902708,1.157984498,0.287784719,23.6510885,36.95282436
32310,강원도,홍천군,57804,72278,733089,746760,66634,66587,16406,17173,0.055,71.13649182,1.778805033,-0.236723912,-0.392842029,-0.69491783,0.454321262,24.67837909,36.64427652
31250,경기도,광주시,106716,125850,1434506,1549750,375238,385141,42843,46344,0.0233,66.66666667,0.317556866,0.472210226,0.26642771,-0.568754756,0.487440045,24.88267427,36.23936414
32320,강원도,횡성군,47484,48460,593291,639664,44431,44649,12445,12989,-0.0253,59.81387479,1.460464354,-0.353734048,-0.68600054,0.233540963,0.654270729,25.91177929,36.15916236
11160,서울특별시,강서구,175531,202306,1020690,1378771,574097,564854,79445,83839,-0.2542,27.53807107,2.991889002,0.277594302,0.019153953,1.605493791,4.894131048,52.06561033,36.02311984
23090,인천광역시,미추홀구,165614,195011,697279,930035,411612,405886,62833,65642,-0.2594,26.80485054,1.258633751,1.610951166,-0.059073505,2.488708656,5.299220068,54.56442609,35.9494725
36350,전라남도,고흥군,93070,107712,841783,889123,60332,60045,25568,25806,0.021,66.34235759,-0.702692783,-0.303104724,0.652741381,0.708599605,0.355543478,24.06906244,35.3229348
11150,서울특별시,양천구,125868,143077,756790,1016112,440354,439068,57941,61147,-0.2529,27.7213762,-0.406094642,-0.035396173,0.012131725,4.698280346,4.268921255,48.20896646,35.20118173
33040,충청북도,청주시,274163,317810,2905050,3308551,850938,855326,100841,106373,-0.024,59.99717992,0.570669931,0.121018311,0.25674247,-0.483981721,0.464448992,24.74085259,35.0345964
35050,전라북도,남원시,78051,91104,875395,965481,77690,78097,21444,22050,0.0112,64.96051889,-0.152981577,-0.357025352,0.951779602,-0.123231088,0.318541586,23.84081406,34.88036949
11250,서울특별시,강동구,124744,139330,852513,1089350,415287,444434,58669,63341,-0.1383,43.88042865,0.455809479,-0.098550283,0.226681939,0.529250107,1.113191242,28.74265782,34.73386239
24030,광주광역시,남구,94028,109272,475853,637044,217972,214860,34677,36162,-0.2229,31.95149464,-0.702692783,-0.414398792,0.969575443,2.721171228,2.573655096,37.75161614,34.61023611
37100,경상북도,경산시,103667,123915,1101600,1412500,290088,283733,40066,42079,-0.0898,50.71912014,0.361041941,0.866369558,0.177183507,-0.692910201,0.711684804,26.26594143,34.60893352
37040,경상북도,안동시,116892,131462,1390700,1456700,160344,159412,36850,37906,0.0138,65.32712916,0.657640082,-0.203902173,0.27467888,-0.527357383,0.201059406,23.11611824,34.14867016
37030,경상북도,김천시,96503,113142,1067200,1190000,139902,139145,30318,31252,0.006,64.22729836,-0.232154341,0.435903375,0.420981292,-0.416947273,0.207783053,23.15759345,34.04134589
34060,충청남도,논산시,92609,104031,947787,1012292,122111,119707,29161,30106,-0.0005,63.3107727,0.527184856,0.181715357,0.20506443,-0.70869984,0.205264803,23.14205948,33.89459039
25030,대전광역시,서구,123003,142263,761909,990874,480920,478629,54225,57201,-0.2305,30.87986464,0.042701262,0.645003278,-0.394727222,2.183100731,2.476078049,37.14970631,33.72586028
37060,경상북도,영주시,85166,95093,870000,913122,105235,103818,26341,27259,0.0055,64.15679639,-0.166926728,0.000716871,-0.052483397,0.330125054,0.111431799,22.563245,33.38525887
35370,전라북도,고창군,66914,75798,689048,753813,53260,52608,18076,18370,0.0018,63.63508178,0.687180006,-0.639250184,0.559137961,-0.487938299,0.119129484,22.61072863,33.36592372
38080,경상남도,밀양시,76636,82460,909777,956623,103402,103228,27561,28549,-0.0044,62.7608573,-0.702692783,-0.274699242,1.092720849,-0.042392626,0.072936197,22.32578259,32.93549391
11230,서울특별시,강남구,101546,120350,980268,1414899,509199,508135,66957,70896,-0.1781,38.26847152,1.086343072,-0.65174267,0.252296829,0.336045251,1.022942482,28.18595297,32.46234835
37080,경상북도,상주시,89932,100658,1252600,1205800,96641,95473,29100,29822,0.0288,67.44218838,-0.000783813,-0.145662192,0.461418457,-0.481996097,-0.167023645,20.845576,31.84747679
33340,충청북도,영동군,59874,58349,623825,652560,48004,47016,14373,14601,-0.0326,58.78454597,1.221296439,-0.259381024,-0.104490995,-0.888093347,-0.030668926,21.68668821,31.68441824
33380,충청북도,단양군,37506,41853,440234,473263,28095,27640,8374,8645,-0.0031,62.94416244,0.404527016,-0.067189863,0.02916875,-0.495814781,-0.129308877,21.0782218,31.58089428
11120,서울특별시,은평구,177001,201939,849865,1167115,461530,463102,77263,80567,-0.2495,28.20078962,0.107928875,0.09370548,0.968208795,0.943216504,2.113059654,34.91040571,31.19893394
11050,서울특별시,광진구,80799,98774,606302,871393,359766,353967,45432,47681,-0.2138,33.23463057,1.412481137,-0.194332324,-0.297129285,0.207918558,1.128938086,28.83979317,30.88163575
31090,경기도,안산시,184228,205568,1672679,2337986,714650,717345,62654,66438,-0.3069,20.107163,1.808344957,3.247871215,0.447217291,1.560249863,7.063683326,65.44862284,30.76322927
34080,충청남도,당진시,81830,93381,1046188,1135079,169171,168955,28986,29933,0.0079,64.49520587,0.086186338,-0.049285374,0.562924487,-0.888093347,-0.288267896,20.09767361,30.6456904
37390,경상북도,칠곡군,52512,59941,586810,630900,118517,115756,16692,17488,-0.0065,62.46474901,1.157718449,-0.055660822,-0.495663425,-0.86639818,-0.260003979,20.27202127,30.61001091
24050,광주광역시,광산구,104162,120203,748711,982054,423310,422502,34911,36487,-0.2696,25.36661027,-0.340867029,-0.080710397,0.170801391,2.871139785,2.62036375,38.03974125,30.43667607
36440,전라남도,영광군,56358,62051,609737,642286,50004,50196,15045,15194,0.012,65.07332205,0.173156489,-0.536193852,-0.191245035,0.174419672,-0.379862727,19.53266544,30.04646518
24020,광주광역시,서구,98345,117642,572910,741813,298033,294854,38468,40246,-0.1681,39.678511,-0.253896879,-0.342638277,-0.274004558,1.209331996,0.338792282,23.96573169,29.88250023
36370,전라남도,화순군,58780,68450,728769,763784,59671,60247,15996,16286,0.0307,67.71009588,-0.232154341,-0.426923579,0.130312944,0.089624632,-0.439140344,19.16700793,29.87668529
11200,서울특별시,동작구,100655,152328,651137,921933,400368,392772,59265,61994,0.0025,63.73378455,-0.702692783,-0.581475775,0.368954691,0.525271525,-0.389942343,19.47048873,29.82846637
38110,경상남도,창원시,350570,406408,3734150,4318930,1036862,1029389,131613,140151,-0.0485,56.54258319,0.260126639,-0.136525614,-0.026004265,-0.43666415,-0.33906739,19.78431391,29.31224136
23040,인천광역시,연수구,85040,96764,644879,704838,374413,390260,31227,34346,-0.0212,60.39199098,-0.702692783,1.031247887,-0.429768079,-0.312457361,-0.413670337,19.32412118,29.27945482
22310,대구광역시,달성군,82720,100466,847000,1011300,258474,261013,28767,30558,-0.029,59.29216018,-0.210411803,0.436562755,-0.054022894,-0.574645614,-0.402517556,19.39291778,29.22658316
31370,경기도,가평군,60241,61380,577612,656334,59823,60233,14802,15423,-0.0563,55.4427524,1.128178525,-0.357555527,-0.086314315,-1.014249085,-0.329940403,19.84061427,29.22340786
25050,대전광역시,대덕구,71550,87419,445784,545657,179107,176393,24797,26039,-0.074,52.94698252,-0.449579718,-0.166825685,-0.698419076,1.02794553,-0.286878948,20.10624142,29.14490985
11180,서울특별시,금천구,98830,121536,558931,754299,249747,249419,35354,37196,-0.1687,39.59390863,0.238384102,-0.030611248,0.130293941,-0.168570369,0.169496425,22.92142011,29.03443465
31160,경기도,군포시,82901,102384,835547,979993,275154,275571,31712,33726,-0.0072,62.36604625,-0.702692783,0.797563981,-0.148301568,-0.438635104,-0.492065475,18.8405361,28.93878087
37320,경상북도,의성군,78609,84261,745716,730000,49477,49243,20570,21005,0.017,65.77834179,-0.319124492,-0.257421832,0.354237844,-0.33810177,-0.56041025,18.41894729,28.77925936
23050,인천광역시,남동구,155500,185745,891656,990333,533119,528927,62248,66423,-0.0001,63.36717428,-0.275639416,0.036797612,-0.209095021,-0.09169582,-0.539632645,18.54711518,28.6953177
34020,충청남도,공주시,6129,4917,1096500,1007879,109877,108333,25546,26448,-0.0041,62.80315849,-0.079956577,-0.098951252,0.05315772,-0.42288214,-0.54863225,18.49160058,28.57086817
11100,서울특별시,도봉구,132978,149088,666056,907582,323543,315979,55926,58664,-0.2702,25.2820079,0.208844177,0.840789809,0.318745862,0.387370744,1.755750592,32.70632346,28.51889367
36360,전라남도,보성군,54754,59067,629852,651014,38339,37888,15376,15429,0.006,64.22729836,-0.210411803,-0.725927948,0.15725934,0.172404708,-0.606675703,18.13355608,28.28210865
31080,경기도,동두천시,59900,68657,562349,567686,96541,95239,17695,18344,0.0468,69.98025945,-0.702692783,0.375801107,-0.20039559,-0.158693593,-0.685980861,17.64435749,28.18287276
38100,경상남도,양산시,117532,137913,1249949,1448673,347221,351206,41664,44631,-0.0345,58.51663847,0.107928875,-0.59586285,-0.34628202,0.284734428,-0.549481567,18.48636152,28.09656075
37090,경상북도,문경시,69737,77592,810400,835300,68542,68212,20324,20891,0.0131,65.2284264,0.129671413,-0.203468903,-0.056426633,-0.566754462,-0.696978584,17.57651738,27.69130726
38050,경상남도,통영시,87736,100969,743560,801528,129931,127984,22844,23895,0.0036,63.88888889,-0.702692783,0.138457228,0.539005803,-0.675178948,-0.700408701,17.5553585,27.54257997
33360,충청북도,괴산군,43470,48681,562136,609450,38808,38093,12103,12527,-0.0051,62.66215454,0.208844177,-0.391773981,0.409772695,-0.913715751,-0.68687286,17.63885514,27.52863684
11240,서울특별시,송파구,123605,142791,917851,1288753,648600,643288,81211,87182,-0.258,27.00225606,-0.340867029,0.014205103,0.176940374,1.075241096,0.925519544,27.58499377,27.29051445
34360,충청남도,홍성군,75150,80541,706154,738955,102791,102757,22363,22991,-0.002,63.09926678,-0.702692783,-0.416293381,0.482638988,-0.09171049,-0.728057667,17.3848042,27.25926721
11080,서울특별시,성북구,147057,169095,804451,1109304,445327,438833,67646,70699,-0.2573,27.10095883,0.159211338,-0.044532751,0.525063909,0.180317864,0.82006036,26.93446251,27.01745416
25010,대전광역시,동구,110108,128901,529976,668200,237273,232559,38664,40621,-0.1706,39.32600113,-0.702692783,0.450018686,-0.496770801,0.48589645,-0.263548448,20.250157,26.73410714
31180,경기도,하남시,79739,90117,879389,1083818,260544,279795,30309,33597,-0.087,51.11393119,0.434066941,-0.276160561,-0.602757614,-0.176439516,-0.62129075,18.04340229,26.67162474
11020,서울특별시,중구,65016,74703,524387,666269,130957,128744,21750,22974,-0.1182,46.71460801,1.10808561,-0.805363722,-0.460520004,-0.405128883,-0.562927,18.40342256,26.40462752
38060,경상남도,사천시,68887,77564,783756,813382,111110,111184,22641,23428,0.0212,66.37055838,0.339299403,-0.526527099,-0.549556217,-0.144948258,-0.881732171,16.43685387,26.34844248
38070,경상남도,김해시,145440,157632,1853360,2159215,549331,552427,53753,57532,-0.101,49.13987592,-0.210411803,-0.172606356,-0.287805882,0.02858373,-0.64224031,17.91417368,26.25643872
11190,서울특별시,영등포구,104451,123935,694701,975994,394083,403619,54906,56957,-0.1793,38.09926678,-0.702692783,-0.403367624,-0.037264144,0.834792018,-0.308532533,19.97266999,26.20694692
21310,부산광역시,기장군,70419,78299,615905,740138,160732,169465,24049,25348,-0.0569,55.35815003,-0.702692783,-0.023802529,-0.075140861,0.034496593,-0.76713958,17.14372509,26.17987202
11140,서울특별시,마포구,127642,154825,712190,961935,369327,365612,50544,52104,-0.1802,37.97236323,0.050498649,-0.645929698,-0.044459221,0.312393801,-0.327496468,19.85568983,26.07618367
38330,경상남도,창녕군,76959,86018,611913,671239,62370,61302,18034,18426,-0.0086,62.16864072,0.62974978,-0.66283844,-0.126300356,-0.714598032,-0.873987048,16.48463012,26.05936248
34370,충청남도,예산군,68349,76175,712408,797841,78963,77838,23067,23711,-0.015,61.26621545,0.020958725,-0.206889413,-0.061909364,-0.643643681,-0.891483733,16.37670078,25.84494573
29010,세종시,세종시,96689,100930,1691406,1896054,338136,353933,29178,31949,-0.0728,53.11618725,0.701125157,-0.38449969,-0.680431384,-0.434693196,-0.798499113,16.95028195,25.69943541
22020,대구광역시,동구,182269,216020,721200,976144,337439,333294,61656,64014,-0.231,30.80936266,-0.702692783,0.73696384,-0.32871031,0.306466268,0.012027015,21.95006067,25.63588974
11110,서울특별시,노원구,207660,234701,1028597,1408433,522480,511982,77032,80854,-0.3141,19.09193457,0.477552016,0.313209472,0.905184451,1.057524513,2.753470453,38.86081788,25.6045886
36060,전라남도,광양시,62768,71664,1081502,1214299,143656,143928,18319,19300,-0.015,61.26621545,-0.319124492,-0.380710512,-0.107102725,-0.144889579,-0.951827308,16.00446784,25.37917702
22030,대구광역시,서구,102474,118216,437883,570610,175243,170437,35821,36752,-0.1841,37.42244783,-0.210411803,0.432114197,-0.70193019,0.042358405,-0.437869391,19.17484788,25.35703289
31060,경기도,광명시,97913,105900,977467,1170733,313462,298116,39869,41397,-0.1362,44.17653694,-0.253896879,-0.30599506,0.098332077,-0.207989453,-0.669549315,17.74571646,25.32027682
21080,부산광역시,북구,126627,152654,548998,699107,285098,280177,43125,45908,-0.1922,36.28031585,-0.166926728,-0.441776226,-0.63454663,0.828893825,-0.414355758,19.31989312,25.21328023
36400,전라남도,해남군,79019,86927,969256,973483,65175,65223,21811,21957,0.0216,66.42695995,-0.702692783,-0.273334828,0.615901754,-0.740242442,-1.100368299,15.08818388,24.59082176
31170,경기도,의왕시,62502,67498,513362,701654,155826,160230,19146,20823,-0.2507,28.03158488,0.295814328,-0.412937473,0.709969574,-0.625919763,-0.033073334,21.67185648,24.44484598
11090,서울특별시,강북구,141106,164213,686430,926014,303871,299535,58103,60474,-0.1967,35.64579808,-0.702692783,0.111849432,-0.558758053,0.564719948,-0.584881457,18.26799519,24.15624011
34050,충청남도,서산시,90904,102629,1146766,1128447,175204,176379,29878,31101,0.0509,70.55837563,-0.702692783,0.09177859,-0.168069026,-0.411056415,-1.190039635,14.5350409,24.10454105
25040,대전광역시,유성구,61321,71389,556357,738722,366544,368895,29219,31182,-0.2394,29.6249295,-0.210411803,-0.023272355,-0.133098454,0.079821205,-0.286961407,20.10573277,23.95427242
11060,서울특별시,동대문구,120482,138947,682144,936053,355094,351057,56991,59170,-0.2198,32.38860688,-0.702692783,-0.197319564,-0.358908547,0.769728525,-0.489192369,18.85825903,23.83727189
34340,충청남도,서천군,66627,72235,566572,600930,51826,51039,18048,18417,-0.0046,62.73265651,-0.702692783,-0.554964883,0.356347167,-0.28883525,-1.190145749,14.53438633,23.60076514
24010,광주광역시,동구,52879,61707,368713,437749,103754,106005,20337,21138,-0.0247,59.89847716,-0.101699115,-0.537157298,-0.652793595,0.113276082,-1.178373925,14.60700153,23.48651839
36310,전라남도,담양군,51987,50900,436506,544745,43804,44201,13816,13960,-0.0818,51.84715172,0.093983725,-0.335428589,-0.147418323,-0.75798103,-1.146844217,14.80149441,23.02868463
36430,전라남도,함평군,42677,48641,445836,495271,30556,30156,11421,11564,0,63.38127468,-0.253896879,-0.421110607,-0.118673158,-0.531277287,-1.32495793,13.70278936,22.5338471
37050,경상북도,구미시,176852,155451,1504600,1603800,420319,416603,35432,37540,-0.3187,18.44331641,0.0644438,0.606931043,0.019742783,0.324248866,1.015366492,28.13922002,22.28219321
35350,전라북도,임실군,42529,43068,464684,513103,26144,26075,9770,9830,-0.0223,60.23688663,-0.702692783,-0.740845197,0.46331979,-0.365695129,-1.34591332,13.57352479,22.15478435
34330,충청남도,부여군,82128,109787,868034,893112,65337,64207,21508,22051,0.0705,73.32205302,-0.702692783,-0.228951748,0.054697216,-0.574660284,-1.451607599,12.92154333,21.97111728
34030,충청남도,보령시,75323,83778,901055,1012332,99320,99088,24116,24988,-0.0161,61.11111111,-0.702692783,-0.487556022,0.133356795,-0.318450907,-1.375342918,13.39198656,21.96953427
11010,서울특별시,종로구,57821,66194,529565,644867,154969,151291,26572,27318,-0.0683,53.75070502,-0.166926728,-0.488021594,0.064277029,-0.730387671,-1.321058964,13.72684037,21.86882594
38320,경상남도,함안군,63613,65263,529491,609744,66611,65279,14825,15354,-0.0847,51.43824027,-0.210411803,-0.463967766,-0.31843624,-0.314457655,-1.307273464,13.81187704,21.77647119
31140,경기도,오산시,60317,67386,697675,820832,233998,240645,18589,20257,-0.113,47.44782854,-0.702692783,-0.199084947,-0.530998697,0.152731841,-1.280044588,13.97983999,21.5965563
38390,경상남도,거창군,59696,66484,755662,683514,59888,59595,16214,16603,0.0573,71.4608009,-0.702692783,-0.528951863,0.128427751,-0.389368584,-1.49258548,12.66876883,21.52204914
21100,부산광역시,사하구,134706,156571,595540,779774,319828,312057,52805,55964,-0.2504,28.07388607,-0.210411803,-0.413338443,-0.342546776,0.235489912,-0.730807109,17.36784411,21.45969684
38370,경상남도,산청군,45581,54627,524256,550704,33579,33500,12091,12444,0.0256,66.99097575,-0.702692783,-0.386859851,-0.285021304,-0.12917329,-1.503747228,12.59991692,21.21048529
24040,광주광역시,북구,146916,167292,766621,1071774,446661,439352,58793,61446,-0.3399,15.45403271,-0.702692783,0.160053991,0.297266059,2.100327989,1.854955256,33.31827335,21.11451058
11170,서울특별시,구로구,137032,166112,753070,1050802,435560,435442,61105,64932,-0.2369,29.97743937,-0.702692783,-0.073371503,-0.244014312,0.115283711,-0.904794888,16.29459012,21.11297442
34310,충청남도,금산군,49480,54186,548788,635238,54442,53758,15181,15613,-0.0296,59.20755781,-0.152981577,-0.318616751,-0.307297928,-0.690961252,-1.469857507,12.80896769,21.0614908
37070,경상북도,영천시,82540,93280,981083,949209,100487,100353,26844,27672,0.0414,69.21883813,-0.275639416,-0.369614742,-0.0436624,-0.858521699,-1.547438257,12.33040621,20.93204905
21090,부산광역시,해운대구,142885,159262,691371,914224,392846,389535,62825,66218,-0.2675,25.66271856,-0.702692783,-0.565097207,-0.156879432,0.704672366,-0.719997057,17.43452656,20.76315305
33320,충청북도,보은군,41290,49781,476543,505357,32001,31543,10648,10909,0.0244,66.82177101,-0.702692783,-0.675330926,0.69089351,-0.868369135,-1.555499334,12.28068097,20.74820265
39020,제주특별자치도,서귀포시,133747,141078,956324,1062112,177360,178552,32394,33707,-0.0621,54.6249295,-0.702692783,0.122641136,-0.680985072,-0.229677284,-1.490714003,12.68031315,20.58268225
35380,전라북도,부안군,60596,63392,661020,677068,49733,49326,16635,16983,-0.0021,63.08516638,-0.702692783,-0.526559401,0.079758418,-0.411012406,-1.560506172,12.24979599,20.51585065
31120,경기도,구리시,64131,78992,747319,827003,192270,192051,23800,25159,0.0359,68.44331641,-0.471322256,-0.240577692,-0.866998112,-0.014828606,-1.593726666,12.0448734,20.48477132
37360,경상북도,청도군,46876,51943,423177,492806,41054,41378,15172,15541,-0.0191,60.68809927,-0.131239039,-0.458684968,-0.316464622,-0.649556544,-1.555945174,12.27793078,20.42386797
11040,서울특별시,성동구,79192,87622,599471,815446,299688,291918,42629,43796,-0.2125,33.4179357,-0.702692783,-0.569849831,0.095115378,0.008822844,-1.168604392,14.66726548,20.38671868
36450,전라남도,장성군,48393,53077,455804,517252,42193,41443,12936,13067,-0.0208,60.44839255,-0.188669265,-0.657057769,-0.255203906,-0.509618795,-1.610549735,11.94109929,19.94268061
11130,서울특별시,서대문구,111611,132447,638072,859563,319394,317209,50045,51645,-0.1699,39.42470389,-0.702692783,-0.29449832,-0.482502214,0.083763113,-1.395930204,13.26499266,19.85087947
36410,전라남도,영암군,52320,58578,627476,657002,57476,57076,13835,14074,0.0152,65.52453469,-0.702692783,-0.553070293,0.098523928,-0.497771065,-1.655010214,11.66684218,19.80698975
36420,전라남도,무안군,53777,62754,706770,720477,81789,84637,16599,16858,0.0624,72.17992104,-0.702692783,-0.293069303,-0.084531685,-0.610130125,-1.690423897,11.44839076,19.76230115
36320,전라남도,곡성군,39601,40932,446527,501726,27858,27349,10028,10084,-0.0251,59.84207558,-0.319124492,-0.563170317,-0.337928286,-0.418925562,-1.639148657,11.76468514,19.66359517
36460,전라남도,완도군,57486,65497,584175,625273,48366,48269,15734,15921,0.0151,65.51043429,-0.319124492,-0.542472397,-0.278207066,-0.531284622,-1.671088576,11.56766184,19.66323999
21110,부산광역시,금정구,102713,116353,493054,629657,244726,237219,44382,46642,-0.2089,33.92554992,0.34709679,-0.33287462,-0.693022768,-0.681106481,-1.359907079,13.48720345,19.30116947
22060,대구광역시,수성구,129511,149497,708835,990492,415283,412912,61089,63474,-0.2602,26.69204738,-0.188669265,-0.355628637,-0.369925293,-0.223749752,-1.137972947,14.85621737,19.08829937
38400,경상남도,합천군,57028,62624,673109,723649,42449,42140,17088,17244,0.001,63.52227862,-0.702692783,-0.558288489,0.21898732,-0.698845069,-1.740839021,11.13740207,18.95194704
11220,서울특별시,서초구,79268,75682,725218,964039,404960,401749,54663,57036,-0.2568,27.1714608,-0.702692783,-0.618487661,0.357816379,-0.385419341,-1.348783406,13.55582049,18.08770109
35320,전라북도,진안군,35547,42696,508520,512830,23013,23380,8435,8613,0.0353,68.35871404,-0.702692783,-0.621442599,-0.157397978,-0.379513813,-1.861047173,10.39589092,18.0471919
38090,경상남도,거제시,66228,78876,864741,1179446,251226,246965,23456,24892,-0.1568,41.27185561,-0.702692783,-0.267521856,-0.042763015,-0.661374934,-1.674352588,11.54752759,18.04594687
36390,전라남도,강진군,43941,48432,476137,519352,32805,32778,11828,11883,0.0013,63.56457981,-0.166926728,-0.700412802,-0.293375038,-0.685048389,-1.845762956,10.49017252,18.0083894
38310,경상남도,의령군,37192,38552,541205,522770,26040,25965,9584,9689,0.0109,64.91821771,0.151413951,-0.737954862,-0.421465627,-0.850623212,-1.85862975,10.41080294,17.9439681
33330,충청북도,옥천군,54264,56925,543079,592770,49117,48868,14123,14557,-0.0251,59.84207558,-0.42783718,-0.411508456,-0.267968139,-0.738264153,-1.845577928,10.49131388,17.85274399
38360,경상남도,하동군,53722,60242,606960,687975,42583,41772,14849,15120,-0.0119,61.70332769,-0.702692783,-0.536659424,0.095358511,-0.714620037,-1.858613734,10.41090173,17.81582598
11210,서울특별시,관악구,147651,164410,789211,1124588,507828,502641,71888,74787,-0.339,15.58093627,-0.702692783,0.022779206,-0.531898082,1.035836682,-0.175974978,20.79035917,17.8125776
38380,경상남도,함양군,46521,51591,536384,571803,37384,37114,12620,12836,0.004,63.94529047,-0.702692783,-0.559284235,-0.101239154,-0.523386135,-1.886602307,10.23825255,17.65049246
32070,강원도,삼척시,70067,82704,817925,781533,67210,65939,15481,16004,0.0641,72.41962775,-0.702692783,-0.625264079,-0.300051569,-0.346000257,-1.974008688,9.699081082,17.10703569
21060,부산광역시,동래구,100372,115853,476178,622886,260986,263345,44255,46863,-0.1979,35.47659334,-0.123441652,-0.580945601,-0.682870265,-0.34005072,-1.727308238,11.22086751,17.04924192
21140,부산광역시,수영구,75896,87243,341329,449859,170414,171461,33784,35661,-0.1892,36.70332769,-0.014728964,-0.694599829,-0.752225443,-0.304624888,-1.766179125,10.98109013,16.9045809
32060,강원도,속초시,48056,58694,514374,545092,78643,80054,13952,14816,0.0552,71.16469261,-0.702692783,-0.437489175,-0.866652415,-0.046341869,-2.053176242,9.210731307,16.31042999
21050,부산광역시,부산진구,158477,181042,632432,839238,352390,351403,64599,67133,-0.2378,29.85053582,-0.702692783,-0.55832079,-0.109541606,-0.426802044,-1.797357224,10.78876616,15.84921173
37330,경상북도,청송군,39354,44456,424435,427831,23958,23761,8957,9135,0.0223,66.52566272,-0.362609567,-0.667623365,-0.624739823,-0.438649774,-2.093622529,8.961235976,15.79485109
32330,강원도,영월군,41137,46841,541392,538540,36332,36282,10669,11024,0.0275,67.25888325,-0.406094642,-0.643071663,-0.719415476,-0.342095023,-2.110676805,8.856035658,15.65125673
36470,전라남도,진도군,42251,49238,501811,543030,29295,29297,10111,10085,0.0195,66.13085166,-0.702692783,-0.780812021,-0.228638349,-0.413020035,-2.125163189,8.766675535,15.48109106
26020,울산광역시,남구,83749,100111,521708,691994,322135,320175,33804,36318,-0.2544,27.50987028,-0.702692783,-0.626259825,-0.126197792,-0.34993483,-1.805085231,10.74109549,15.44986579
11030,서울특별시,용산구,68308,77525,519788,686515,227181,225882,37212,38346,-0.1371,44.04963339,-0.14518419,-0.71915153,-0.503793029,-0.661396939,-2.029525688,9.356621159,15.43473645
37370,경상북도,고령군,32444,35882,360042,377849,32191,31419,9380,9648,0,63.38127468,0.281869177,-0.722074167,-0.67207765,-1.014249085,-2.126531725,8.758233639,15.38984739
38350,경상남도,남해군,55926,58478,554453,593792,42169,41587,15910,15987,-0.0112,61.80203046,-0.702692783,-0.707590188,-0.471501607,-0.271103997,-2.152888576,8.595649833,15.09221925
37380,경상북도,성주군,43903,50469,556500,553700,41314,41574,13142,13477,0.0332,68.06260575,-0.319124492,-0.641177074,-0.454880564,-0.797392779,-2.212574908,8.227471137,14.68036597
33370,충청북도,음성군,65277,70524,701281,792889,104823,103725,18303,19067,-0.0492,56.44388043,-0.702692783,-0.504464764,-0.179761026,-0.795429159,-2.182347733,8.413929268,14.64479975
23010,인천광역시,중구,49891,63004,415448,493676,131863,138586,17482,19076,0.0214,66.39875917,-0.702692783,-0.140844967,-0.816357162,-0.582529431,-2.242424343,8.043343119,14.34854702
32050,강원도,태백시,42721,45976,457159,451929,42474,41494,9940,10324,0.0096,64.73491258,-0.702692783,-0.720580548,-0.877963576,0.028532386,-2.272704521,7.856558036,14.01248916
37400,경상북도,예천군,50003,54846,534874,582059,53020,53718,15876,16389,-0.0034,62.90186125,-0.702692783,-0.627656541,-0.095324301,-0.848666928,-2.274340552,7.846466082,13.95248027
34380,충청남도,태안군,62188,73928,674267,697335,60896,60901,17967,18567,0.0351,68.33051325,-0.702692783,-0.473602218,-0.247871123,-0.866390846,-2.29055697,7.746434141,13.91532754
36480,전라남도,신안군,48945,54010,786575,868200,35432,35138,13958,14072,-0.0026,63.01466441,-0.702692783,-0.61037913,-0.095669998,-0.872311043,-2.281052954,7.80506023,13.88972503
31350,경기도,연천군,40618,44580,711658,656212,42540,42278,10611,10990,0.0325,67.96390299,-0.406094642,-0.472671074,-0.665730676,-0.750089878,-2.29458627,7.721579164,13.86761747
38340,경상남도,고성군,53016,59038,635606,668413,50887,50016,15158,15577,0.0036,63.88888889,-0.702692783,-0.577124121,-0.337928286,-0.70869984,-2.326445031,7.525056498,13.46424696
37310,경상북도,군위군,33997,34177,368613,402726,22206,22096,8983,9176,-0.0236,60.0535815,-0.210411803,-0.768287234,-0.655370182,-0.694895825,-2.328965044,7.509511647,13.3496869
22040,대구광역시,남구,84767,97190,393385,555867,147500,145588,32158,32987,-0.2167,32.82571912,-0.702692783,0.046432064,-0.951175565,-0.592391537,-2.199827821,8.306102303,13.25755932
22010,대구광역시,중구,44345,49435,299496,363550,75561,74278,15566,15597,-0.0712,53.34179357,-0.275639416,-0.673436337,-0.944534176,-0.436671485,-2.330281414,7.501391541,13.15308126
33390,충청북도,증평군,23366,25019,240236,276270,37493,37183,5846,6143,-0.0756,52.7213762,-0.340867029,-0.630113606,-0.676401724,-0.685070394,-2.332452753,7.487997507,13.11349078
21120,부산광역시,강서구,34861,44217,383898,513904,128809,136734,14090,15183,-0.0553,55.58375635,-0.406094642,-0.736493544,-0.614068775,-0.600282689,-2.356939649,7.336948629,12.96282885
23020,인천광역시,동구,49991,67300,325305,302909,63003,61285,13254,13751,0.2597,100,-0.702692783,-0.547257321,-0.578630939,-0.619992231,-2.448573274,6.771701153,12.68444931
22050,대구광역시,북구,143010,164951,706740,1023409,446050,446466,56894,60120,-0.3895,8.460236887,-0.210411803,1.07587043,0.003086597,-0.440606059,0.427939165,24.51563955,12.57938472
36380,전라남도,장흥군,50408,54390,526517,546985,35494,35273,12611,12720,0.0063,64.26959955,-0.702692783,-0.719649404,0.000250737,-1.014249085,-2.436340536,6.847159526,12.3758227
32410,강원도,양양군,28210,32707,372715,408459,26280,26748,7556,7945,0.0063,64.26959955,-0.702692783,-0.671975019,-0.532797467,-0.531277287,-2.438742555,6.832342529,12.35161531
21030,부산광역시,동구,65578,74719,302034,367028,85673,87246,21407,22257,-0.0709,53.38409475,-0.702692783,-0.727324664,-0.699958573,-0.294740778,-2.424716798,6.918861247,12.25005104
31110,경기도,과천시,31014,33505,505790,1084477,53830,58018,7762,8084,-0.2035,34.68697124,-0.188669265,-0.831842314,-0.511541794,-0.809233174,-2.341286547,7.433505722,12.24325163
35330,전라북도,무주군,31802,38257,455174,461323,22852,22678,7715,7891,0.0314,67.80879865,-0.702692783,-0.691243922,-0.403599502,-0.669273421,-2.466809628,6.659209117,12.12743522
35360,전라북도,순창군,41709,41339,456629,458072,26642,26598,9279,9312,-0.0045,62.74675691,-0.702692783,-0.737954862,-0.204268541,-0.828957386,-2.473873572,6.615634757,11.96929967
35340,전라북도,장수군,31784,36999,459894,471268,21267,20879,7198,7304,0.0202,66.22955443,-0.702692783,-0.769748553,-0.39246119,-0.616042987,-2.480945513,6.572011068,11.95747267
34350,충청남도,청양군,36220,43517,461083,465077,30783,30103,10516,10762,0.0318,67.86520023,-0.702692783,-0.661874995,-0.291230572,-0.85456512,-2.51036347,6.390544647,11.68113236
36330,전라남도,구례군,28314,33674,346692,425012,23836,23907,8510,8676,-0.0104,61.91483362,-0.702692783,-0.679217008,-0.471588032,-0.698837734,-2.552335557,6.131637327,11.15823641
32400,강원도,고성군,31015,37068,471265,448758,27144,26572,7416,7659,0.0457,69.8251551,-0.319124492,-0.738420434,-0.851916565,-0.714612702,-2.624074192,5.689113282,10.52101082
33350,충청북도,진천군,51856,62950,575581,619769,87525,89514,12395,13002,0.0631,72.2786238,-0.340867029,-0.594000563,-0.814731241,-0.88020953,-2.629808363,5.653741706,10.48716197
37420,경상북도,울진군,52302,51369,892880,741158,47651,47151,13073,13356,0.0312,67.78059786,-0.702692783,-0.767789361,-0.512370893,-0.653513122,-2.636366159,5.613289551,10.36795121
37410,경상북도,봉화군,41274,45891,502300,510717,30308,29945,11040,11222,0.0142,65.38353074,-0.702692783,-0.608387637,-0.356988211,-0.968909804,-2.636978436,5.609512684,10.3325545
21040,부산광역시,영도구,77262,85963,368680,438631,117959,113224,29072,30116,-0.1135,47.37732657,-0.702692783,-0.749981776,-0.811687391,-0.343999963,-2.608361913,5.786035411,10.3126243
21070,부산광역시,남구,121003,132431,511677,678617,278849,269111,50151,51717,-0.2994,21.16469261,-0.702692783,-0.711941842,-0.564932179,-0.505647547,-2.485214352,6.54567848,9.998947506
32380,강원도,양구군,22703,23371,429228,452305,21780,21317,4324,4493,-0.0213,60.37789058,-0.239951728,-0.749981776,-0.989519545,-0.728409382,-2.707862431,5.172260537,9.528282556
21130,부산광역시,연제구,82553,99355,397231,531972,203959,204947,35526,37891,-0.1829,37.59165257,-0.702692783,-0.671043875,-0.559830287,-0.740235107,-2.673802051,5.38236402,9.416478808
21150,부산광역시,사상구,90324,104886,445044,577394,222618,216350,34306,36409,-0.2376,29.8787366,-0.702692783,-0.550613229,-0.621350276,-0.771785044,-2.646441332,5.551140246,9.362779214
32350,강원도,정선군,44991,49260,545931,548568,35255,34524,9508,9837,0.0096,64.73491258,-0.42783718,-0.613237165,-0.777891615,-0.909766508,-2.728732468,5.04352247,9.357962412
32340,강원도,평창군,37486,42255,549442,590629,39657,39258,10675,11200,-0.0027,63.00056402,-0.702692783,-0.657555642,-0.741692101,-0.639701773,-2.741642299,4.963887408,9.202684634
26030,울산광역시,동구,47382,50472,306233,336528,162104,159000,16783,18189,-0.1834,37.52115059,-0.702692783,-0.792838935,-0.767774254,-0.456395697,-2.71970167,5.099229485,8.978284899
26040,울산광역시,북구,45189,52372,388151,518264,213524,217051,14984,16449,-0.3256,17.47038917,-0.702692783,-0.681577169,-0.630603395,-0.610130125,-2.625003472,5.683380963,8.576648784
26010,울산광역시,중구,75809,90709,405211,514398,219428,214147,29405,31023,-0.1788,38.16976875,-0.702692783,-0.516924949,-0.733546357,-0.815153371,-2.768317461,4.799340081,8.526576698
21020,부산광역시,서구,68755,78265,345898,433658,105847,105303,25205,26069,-0.1057,48.47715736,-0.702692783,-0.71529775,-0.766961294,-0.754046456,-2.938998283,3.74648526,6.95543039
37350,경상북도,영덕군,45942,50640,585381,574400,35672,34893,13287,13458,0.0179,65.90524535,-0.702692783,-0.714832178,-0.571832841,-0.96693885,-2.956296652,3.63977924,6.898568092
37340,경상북도,영양군,28113,32274,358000,357000,16146,15743,6084,6118,0.0242,66.79357022,-0.702692783,-0.695097703,-0.783460771,-0.882165814,-3.063417071,2.979000551,5.703619067
34070,충청남도,계룡시,17179,19731,296281,301849,41153,40854,4446,4764,0.0239,66.75126904,-0.702692783,-0.605064031,-0.901606848,-0.931447004,-3.140810667,2.501593543,4.822458953
21010,부산광역시,중구,31959,36811,195747,233200,41958,41439,10380,10744,-0.0511,56.17597293,-0.702692783,-0.866028467,-0.938792171,-0.657447695,-3.164961117,2.352620053,4.516107894
32360,강원도,철원군,36007,40240,538220,671080,43520,43042,9464,9830,-0.0451,57.02199662,-0.702692783,-0.674865354,-0.894843892,-0.94130911,-3.21371114,2.051902631,3.961261618
37430,경상북도,울릉군,9621,10748,212000,261000,8704,8444,2290,2341,-0.024,59.99717992,-0.340867029,-0.874233901,-1.157493612,-1.014249085,-3.386843628,0.983924561,1.936098056
32370,강원도,화천군,26147,28488,403904,474817,23425,23733,5064,5319,-0.0317,58.91144952,-0.702692783,-0.728818283,-0.997873279,-0.972851712,-3.402236059,0.888975433,1.751520374
23320,인천광역시,옹진군,18989,27055,364286,434150,19040,19292,4965,5125,0.0347,68.27411168,-0.702692783,-0.823669181,-1.045211106,-0.933425293,-3.504998363,0.255080037,0.508261151
32390,강원도,인제군,23946,29234,548500,618223,30133,30147,6014,6194,0.0114,64.98871968,-0.702692783,-0.858320905,-1.000657858,-0.984677437,-3.546348984,6.27E-06,1.25E-05
22070,대구광역시,달서구,168542,201707,818884,1240555,574390,566712,70983,75775,-0.4495,0,-0.210411803,0.432081896,-0.205375916,0.261148992,0.277443168,23.58729602,0
